time_s,moe,trip,pll,pb12,pwm_out
0.000,1,0,0,1,0.4
0.001,1,0,0,1,0.4
0.002,1,0,0,1,0.4
0.003,1,0,0,1,0.4
0.004,1,0,0,1,0.4
0.005,1,0,0,1,0.4
0.006,1,0,0,1,0.4
0.007,1,0,0,1,0.4
0.008,1,0,0,1,0.4
0.009,1,0,0,1,0.4
0.010,1,0,0,1,0.4
0.011,1,0,0,1,0.4
0.012,1,0,0,1,0.4
0.013,1,0,0,1,0.4
0.014,1,0,0,1,0.4
0.015,1,0,0,1,0.4
0.016,1,0,0,1,0.4
0.017,1,0,0,1,0.4
0.018,1,0,0,1,0.4
0.019,1,0,0,1,0.4
0.020,1,0,1,1,0.4
0.021,1,0,1,1,0.4
0.022,1,0,1,1,0.4
0.023,1,0,1,1,0.4
0.024,1,0,1,1,0.4
0.025,1,0,1,1,0.4
0.026,1,0,1,1,0.4
0.027,1,0,1,1,0.4
0.028,1,0,1,1,0.4
0.029,1,0,1,1,0.4
0.030,1,0,1,1,0.4
0.031,1,0,1,1,0.4
0.032,1,0,1,1,0.4
0.033,1,0,1,1,0.4
0.034,1,0,1,1,0.4
0.035,1,0,1,1,0.4
0.036,1,0,1,1,0.4
0.037,1,0,1,1,0.4
0.038,1,0,1,1,0.4
0.039,1,0,1,1,0.4
0.040,1,0,1,1,0.4
0.041,1,0,1,1,0.4
0.042,1,0,1,1,0.4
0.043,1,0,1,1,0.4
0.044,1,0,1,1,0.4
0.045,1,0,1,1,0.4
0.046,1,0,1,1,0.4
0.047,1,0,1,1,0.4
0.048,1,0,1,1,0.4
0.049,1,0,1,1,0.4
0.050,0,1,1,1,0.0
0.051,0,1,1,1,0.0
0.052,0,1,1,1,0.0
0.053,0,1,1,1,0.0
0.054,0,1,1,1,0.0
0.055,0,1,1,1,0.0
0.056,0,1,1,1,0.0
0.057,0,1,1,1,0.0
0.058,0,1,1,1,0.0
0.059,0,1,1,1,0.0
0.060,0,1,1,1,0.0
0.061,0,1,1,1,0.0
0.062,0,1,1,1,0.0
0.063,0,1,1,1,0.0
0.064,0,1,1,1,0.0
0.065,0,1,1,1,0.0
0.066,0,1,1,1,0.0
0.067,0,1,1,1,0.0
0.068,0,1,1,1,0.0
0.069,0,1,1,1,0.0
0.070,0,1,1,1,0.0
0.071,0,1,1,1,0.0
0.072,0,1,1,1,0.0
0.073,0,1,1,1,0.0
0.074,0,1,1,1,0.0
0.075,0,1,1,1,0.0
0.076,0,1,1,1,0.0
0.077,0,1,1,1,0.0
0.078,0,1,1,1,0.0
0.079,0,1,1,1,0.0
0.080,0,1,1,1,0.0
0.081,0,1,1,1,0.0
0.082,0,1,1,1,0.0
0.083,0,1,1,1,0.0
0.084,0,1,1,1,0.0
0.085,0,1,1,1,0.0
0.086,0,1,1,1,0.0
0.087,0,1,1,1,0.0
0.088,0,1,1,1,0.0
0.089,0,1,1,1,0.0
0.090,0,1,1,1,0.0
0.091,0,1,1,1,0.0
0.092,0,1,1,1,0.0
0.093,0,1,1,1,0.0
0.094,0,1,1,1,0.0
0.095,0,1,1,1,0.0
0.096,0,1,1,1,0.0
0.097,0,1,1,1,0.0
0.098,0,1,1,1,0.0
0.099,0,1,1,1,0.0
0.100,0,1,1,1,0.0
0.101,0,1,1,1,0.0
0.102,0,1,1,1,0.0
0.103,0,1,1,1,0.0
0.104,0,1,1,1,0.0
0.105,0,1,1,1,0.0
0.106,0,1,1,1,0.0
0.107,0,1,1,1,0.0
0.108,0,1,1,1,0.0
0.109,0,1,1,1,0.0
0.110,0,1,1,1,0.0
0.111,0,1,1,1,0.0
0.112,0,1,1,1,0.0
0.113,0,1,1,1,0.0
0.114,0,1,1,1,0.0
0.115,0,1,1,1,0.0
0.116,0,1,1,1,0.0
0.117,0,1,1,1,0.0
0.118,0,1,1,1,0.0
0.119,0,1,1,1,0.0
0.120,0,0,1,1,0.0
0.121,0,0,1,1,0.0
0.122,0,0,1,1,0.0
0.123,0,0,1,1,0.0
0.124,0,0,1,1,0.0
0.125,0,0,1,1,0.0
0.126,0,0,1,1,0.0
0.127,0,0,1,1,0.0
0.128,0,0,1,1,0.0
0.129,0,0,1,1,0.0
0.130,1,0,1,1,0.3
0.131,1,0,1,1,0.3
0.132,1,0,1,1,0.3
0.133,1,0,1,1,0.3
0.134,1,0,1,1,0.3
0.135,1,0,1,1,0.3
0.136,1,0,1,1,0.3
0.137,1,0,1,1,0.3
0.138,1,0,1,1,0.3
0.139,1,0,1,1,0.3
0.140,1,0,1,1,0.3
0.141,1,0,1,1,0.3
0.142,1,0,1,1,0.3
0.143,1,0,1,1,0.3
0.144,1,0,1,1,0.3
0.145,1,0,1,1,0.3
0.146,1,0,1,1,0.3
0.147,1,0,1,1,0.3
0.148,1,0,1,1,0.3
0.149,1,0,1,1,0.3
0.150,1,0,1,1,0.3
0.151,1,0,1,1,0.3
0.152,1,0,1,1,0.3
0.153,1,0,1,1,0.3
0.154,1,0,1,1,0.3
0.155,1,0,1,1,0.3
0.156,1,0,1,1,0.3
0.157,1,0,1,1,0.3
0.158,1,0,1,1,0.3
0.159,1,0,1,1,0.3
0.160,1,0,1,1,0.3
0.161,1,0,1,1,0.3
0.162,1,0,1,1,0.3
0.163,1,0,1,1,0.3
0.164,1,0,1,1,0.3
0.165,1,0,1,1,0.3
0.166,1,0,1,1,0.3
0.167,1,0,1,1,0.3
0.168,1,0,1,1,0.3
0.169,1,0,1,1,0.3
0.170,1,0,1,1,0.3
0.171,1,0,1,1,0.3
0.172,1,0,1,1,0.3
0.173,1,0,1,1,0.3
0.174,1,0,1,1,0.3
0.175,1,0,1,1,0.3
0.176,1,0,1,1,0.3
0.177,1,0,1,1,0.3
0.178,1,0,1,1,0.3
0.179,1,0,1,1,0.3
0.180,1,0,1,1,0.3
0.181,1,0,1,1,0.3
0.182,1,0,1,1,0.3
0.183,1,0,1,1,0.3
0.184,1,0,1,1,0.3
0.185,1,0,1,1,0.3
0.186,1,0,1,1,0.3
0.187,1,0,1,1,0.3
0.188,1,0,1,1,0.3
0.189,1,0,1,1,0.3
0.190,1,0,1,1,0.3
0.191,1,0,1,1,0.3
0.192,1,0,1,1,0.3
0.193,1,0,1,1,0.3
0.194,1,0,1,1,0.3
0.195,1,0,1,1,0.3
0.196,1,0,1,1,0.3
0.197,1,0,1,1,0.3
0.198,1,0,1,1,0.3
0.199,1,0,1,1,0.3
0.200,1,0,1,1,0.3
